<?xml version="1.0" encoding="UTF-8" standalone="no"?>
<AutomatedInstallation langpack="eng">
<com.izforge.izpack.panels.hello.HelloPanel id="HelloPanel_0"/>
<com.izforge.izpack.panels.info.InfoPanel id="InfoPanel_1"/>
<com.izforge.izpack.panels.target.TargetPanel id="TargetPanel_2">
<installpath>C:\Users\dilip\Desktop\hsql</installpath>
</com.izforge.izpack.panels.target.TargetPanel>
<com.izforge.izpack.panels.install.InstallPanel id="InstallPanel_3"/>
<com.izforge.izpack.panels.shortcut.ShortcutPanel id="ShortcutPanel_4">
<createMenuShortcuts>true</createMenuShortcuts>
<programGroup>RecordEdit_HSQLDB</programGroup>
<createDesktopShortcuts>true</createDesktopShortcuts>
<createStartupShortcuts>true</createStartupShortcuts>
<shortcutType>user</shortcutType>
</com.izforge.izpack.panels.shortcut.ShortcutPanel>
<com.izforge.izpack.panels.htmlinfo.HTMLInfoPanel id="HTMLInfoPanel_5"/>
<com.izforge.izpack.panels.finish.FinishPanel id="FinishPanel_6"/>
</AutomatedInstallation>
